company,total_layoffs,impacted_workforce_percentage,reported_date,industry,industryByStockMarket,headquarter_location,Latitude,Longitude,sources,status
C2FO,20,2,12/9/22,FinTech,Financials,Leawood,38.966673,-94.6169012,Kansas City Business Journal,Private
VideoAmp,Unclear,2,9/19/22,Marketing,Communication Services,Los Angeles,34.0549076,-118.242643,Company memo,Private
Amperity,13,3,8/20/22,SaaS,Information Technology,Seattle,47.6061389,-122.3328481,Geekwire,Private
Addepar,20,3,1/18/23,FinTech,Financials,Mountain View,37.3860517,-122.0838511,Fortune,Private
Thirty Madison,24,3,5/13/22,Health Care,Health Care,New York,40.7127753,-74.0059728,Axios,Private
NextRoll,Unclear,3,7/8/22,Marketing,Communication Services,San Francisco,37.7749295,-122.4194155,Business Insider,Private
Armis Security,25,4,12/8/22,Cybersecurity,Information Technology,San Francisco,37.7749295,-122.4194155,Calcalistech,Private
Foxtrot,26,4,9/23/22,E-commerce,Service,Chicago,41.8781136,-87.6297982,Chicago Business,Private
Headspace Health,50,4,12/14/22,Telehealth,Health Care,Los Angeles,34.0549076,-118.242643,Bloomberg,Private
RealSelf,11,5,7/21/22,Beauty,Service,Seattle,47.6061389,-122.3328481,GeekWire,Private
New Relic,110,5,8/18/22,Enterprise Software,Information Technology,Bay Area,37.8271784,-122.2913078,MarketWatch,Private
Abra,12,5,6/30/22,Cryptocurrency,Financials,Mountain View,37.3860517,-122.0838511,The Block,Private
Clarify Health,15,5,7/22/22,Health Care,Health Care,San Francisco,37.7749295,-122.4194155,Axios,Private
Argo AI,150,5,7/7/22,Transportation,Service,Pittsburgh,40.4406248,-79.9958864,TechCrunch,Private
Snyk,220,5,10/24/22,Cybersecurity,Information Technology,Boston,42.3600825,-71.0588801,Globes,Private
JOKR,50,5,6/16/22,Food,Service,New York,40.7127753,-74.0059728,TechCrunch,Private
Project44,63,5,7/15/22,Logistics,Service,Chicago,41.8781136,-87.6297982,FreightWaves,Private
Reef,750,5,5/6/22,Food,Service,Miami,25.7616798,-80.1917902,The Information,Private
Outreach,Unclear,5,8/2/22,Sales Tech,Communication Services,Seattle,47.6061389,-122.3328481,LinkedIn,Private
Boosted Commerce,Unclear,5,7/25/22,E-commerce,Service,Los Angeles,34.0549076,-118.242643,Business Insider,Private
Forward,Unclear,5,7/11/22,Health Care,Health Care,San Francisco,37.7749295,-122.4194155,Fierce Healthcare,Private
CoinDCX,100,6,1/11/23,Blockchain,Financials,"Mumbai, India",19.0759837,72.8776559,Biometric Update,Private
Food52,20,6,4/8/22,Media,Communication Services,New York,40.7127753,-74.0059728,Digiday,Private
Motive,237,6,12/7/22,Enterprise Software,Information Technology,San Francisco,37.7749295,-122.4194155,Motive,Private
Canoo,58,6,7/1/22,Transportation,Service,Torrance,33.8358492,-118.3406288,Business Insider,Private
Wonder,130,7,11/30/22,Food,Service,New York,40.7127753,-74.0059728,The Information,Private
Argyle,20,7,8/26/22,InsurTech,Financials,New York,40.7127753,-74.0059728,TechCrunch,Private
Kabam,35,7,11/9/22,Video Games,Communication Services,San Francisco,37.7749295,-122.4194155,TechCrunch,Private
Upstart,60,7,11/1/22,FinTech,Financials,San Carlos,37.5071591,-122.2605222,TechCrunch,Private
Gemini,68,7,7/18/22,Cryptocurrency,Financials,New York,40.7127753,-74.0059728,TechCrunch,Private
Faire,84,7,11/3/22,E-commerce,Service,San Francisco,37.7749295,-122.4194155,The Information,Private
Convoy,90,7,6/9/22,Logistics,Service,Seattle,47.6061389,-122.3328481,GeekWire,Private
DataRobot,Unclear,7,8/8/22,Artificial Intelligence,Information Technology,Boston,42.3600825,-71.0588801,Boston Globe,Private
ShipBob,Unclear,7,8/25/22,Logistics,Service,Chicago,41.8781136,-87.6297982,Business Insider,Private
ClickUp,Unclear,7,5/24/22,Productivity ,Service,San Diego,32.715738,-117.1610838,Protocol,Private
Innovaccer,120,8,9/1/22,Cloud Infrastructure,Information Technology,San Francisco,37.7749295,-122.4194155,Inc42,Private
StockX,120,8,6/28/22,E-commerce,Service,Detroit,42.331427,-83.0457538,The Information,Private
Albert,20,8,6/10/22,FinTech,Financials,Los Angeles,34.0549076,-118.242643,dot.LA,Private
Personetics,30,8,1/5/23,FinTech,Financials,New York,40.7127753,-74.0059728,Calcalistech,Private
Bright Machines,30,8,6/28/22,Robotics,Information Technology,San Francisco,37.7749295,-122.4194155,CTech,Private
Stash Financial,32,8,12/6/22,FinTech,Financials,New York,40.7127753,-74.0059728,Stash,Private
Dutchie,56,8,6/6/22,Cannabis,Health Care,Bend,44.0581728,-121.3153096,GeekWire,Private
Stord,59,8,6/3/22,Logistics,Service,Atlanta,33.748752,-84.3876845,Business Insider,Private
Niantic,85,8,6/29/22,Video Games,Communication Services,San Francisco,37.7749295,-122.4194155,Bloomberg,Private
Picsart,90,8,5/17/22,Media,Communication Services,Miami,25.7616798,-80.1917902,The Information,Private
Jellysmack,Unclear,8,6/9/22,Media,Communication Services,New York,40.7127753,-74.0059728,Business Insider,Private
Remote,100,9,7/6/22,HR Tech,Service,San Francisco,37.7749295,-122.4194155,Publico,Private
Vox Media,169,9,1/20/23,Media,Communication Services,Washington,38.9071923,-77.0368707,CNN,Private
Yotpo,70,9,11/16/22,Marketing,Communication Services,New York,40.7127753,-74.0059728,Calcalistech,Private
Aura,70,9,6/24/22,Cybersecurity,Information Technology,Boston,42.3600825,-71.0588801,Bank Info Security,Private
Komodo Health,78,9,12/13/22,Health Care,Health Care,San Francisco,37.7749295,-122.4194155,TechCrunch,Private
Jellyfish US,Unclear,9,1/13/23,Software,Information Technology,Boston,42.3600825,-71.0588801,BostonInno,Private
Khoros,120,10,10/21/22,SaaS,Information Technology,Austin,30.267153,-97.7430608,Austin Business News,Private
Bonterra,140,10,1/13/23,Finance,Financials,Austin,30.267153,-97.7430608,The Nonprofit Times,Private
Chargebee,142,10,11/2/22,FinTech,Financials,San Francisco,37.7749295,-122.4194155,TechCrunch,Private
6sense,150,10,10/12/22,Artificial Intelligence,Information Technology,San Francisco,37.7749295,-122.4194155,MoneyControl,Private
Relativity,150,10,12/7/22,Data Science,Information Technology,Chicago,41.8781136,-87.6297982,Crain's Chicago,Private
TIFIN,21,10,6/14/22,FinTech,Financials,Boulder,40.0149856,-105.2705456,Axios,Private
Lusha,30,10,7/18/22,Sales Tech,Communication Services,New York,40.7127753,-74.0059728,CTech,Private
Aqua Security,65,10,12/5/22,Security,Information Technology,Burlington,42.5047161,-71.1956205,Calcalistech,Private
Spin,78,10,9/30/22,Transportation,Service,San Francisco,37.7749295,-122.4194155,TechCrunch,Private
Verbit,80,10,7/5/22,Natural Language Processing,Information Technology,New York,40.7127753,-74.0059728,CTech,Private
ZenLedger,Unclear,10,12/9/22,Blockchain,Financials,Bellevue,47.6101497,-122.2015159,Blockworks,Private
Firework,Unclear,10,11/29/22,E-commerce,Communication Services,San Francisco,37.7749295,-122.4194155,The Information,Private
Mythical Games,Unclear,10,11/4/22,Video Games,Communication Services,Los Angeles,34.0549076,-118.242643,Bloomberg,Private
Apartment List,Unclear,10,8/31/22,PropTech,Real Estate,San Francisco,37.7749295,-122.4194155,CEO Matthew Woods,Private
impact.com,Unclear,10,8/25/22,Marketing,Communication Services,Santa Barbara,34.4208305,-119.6981901,impact.com,Private
80 Acres Farms,Unclear,10,1/18/23,AgTech,Energy,Hamilton,39.3995008,-84.5613355,CincinnatiInno,Private
98point6,Unclear,10,7/21/22,Health Care,Health Care,Seattle,47.6061389,-122.3328481,GeekWire,Private
Gemini,Unclear,10,6/2/22,FinTech,Financials,New York,40.7127753,-74.0059728,Bloomberg,Private
Side,Unclear,10,6/1/22,PropTech,Real Estate,San Francisco,37.7749295,-122.4194155,Inman,Private
Carta,200,10,1/11/23,FinTech,Financials,San Francisco,37.7749295,-122.4194155,TechCrunch,Private
ConsenSys,100,11,1/10/23,Cryptocurrency,Financials,New York,40.7127753,-74.0059728,CoinDesk,Private
Tipalti,123,11,1/11/23,FinTech,Financials,San Mateo,37.5629917,-122.3255254,Calcalistech,Private
Brex,136,11,10/11/22,FinTech,Financials,San Francisco,37.7749295,-122.4194155,TechCrunch,Private
Salsify,90,11,11/16/22,Cloud Computing,Information Technology,Boston,42.3600825,-71.0588801,Boston Business Journal,Private
SADA,Unclear,11,11/8/22,Cloud Computing,Information Technology,Los Angeles,34.0549076,-118.242643,SADA CEO,Private
Momentive,Unclear,11,10/14/22,Information Technology,Information Technology,Waterford,42.7926,-73.6812,TechCrunch,Private
Automox,Unclear,11,4/18/22,Security,Information Technology,Boulder,40.0149856,-105.2705456,LinkedIn,Private
Klarna,750,12,9/22/22,FinTech,Financials,Stockholm,59.3293235,18.0685808,Sifted,Private
JumpCloud,100,12,1/18/23,Cybersecurity,Financials,Louisville,38.2526647,-85.7584557,JumpCloud,Private
Chime,156,12,11/2/22,FinTech,Financials,San Francisco,37.7749295,-122.4194155,The Information,Private
Embroker,30,12,10/25/22,InsurTech,Financials,San Francisco,37.7749295,-122.4194155,The Insurer,Private
Divvy Homes,40,12,9/27/22,PropTech,Real Estate,San Franicsco,37.7749295,-122.4194155,The Information,Private
Ethos Life,40,12,6/24/22,InsurTech,Financials,San Francisco,37.7749295,-122.4194155,Coverager,Private
GoFundMe,94,12,10/26/22,Crowdfunding,Information Technology,Redwood City,37.4847955,-122.228141,GoFundMe,Private
Digital Currency Group,10,13,11/2/22,Cryptocurrency,Financials,Stamford,41.0534302,-73.5387341,Coindesk,Private
Intercom,124,13,11/14/22,Automation,Industrials,San Franicsco,37.7749295,-122.4194155,Silicon Republic,Private
SundaySky,24,13,7/11/22,Video Conferencing Software,Information Technology,New York,40.7127753,-74.0059728,Globes,Private
Chipper Cash,50,13,12/6/22,FinTech,Financials,San Francisco,37.7749295,-122.4194155,TechCrunch,Private
Udacity,55,13,10/11/22,Artificial Intelligence,Information Technology,Mountain View,37.3860517,-122.0838511,Udacity,Private
Sourcepoint,7,13,6/2/22,Marketing,Communication Services,New York,40.7127753,-74.0059728,Crunchbase News reporting,Private
Thirty Madison,Unclear,13,8/18/22,Health Care,Health Care,New York,40.7127753,-74.0059728,Fierce Healthcare,Private
Sendoso,100,14,6/6/22,Marketing,Communication Services,San Francisco,37.7749295,-122.4194155,Business Insider,Private
Malwarebytes,125,14,8/17/22,Enterprise Software,Information Technology,San Francisco,37.7749295,-122.4194155,TechCrunch,Private
Substack,13,14,6/29/22,Media,Communication Services,San Francisco,37.7749295,-122.4194155,New York Times,Private
Morning Brew,Unclear,14,11/17/22,Media,Communication Services,New York,40.7127753,-74.0059728,Max Tani,Private
Benitago Group,Unclear,14,11/4/22,E-commerce,Service,New York,40.7127753,-74.0059728,TechCrunch,Private
Juniper Square,Unclear,14,9/6/22,PropTech,Real Estate,San Francisco,37.7749295,-122.4194155,The Real Deal,Private
Nayya,16,15,6/17/22,HR Tech,Service,New York,40.7127753,-74.0059728,Crunchbase News reporting,Private
Verily,250,15,1/11/23,Health Care,Health Care,San Francisco,37.7749295,-122.4194155,The Information,Private
CyCognito,30,15,12/8/22,Cybersecurity,Information Technology,Palo Alto,37.4418834,-122.1430195,Calcalistech,Private
Zumper,45,15,6/16/22,PropTech,Real Estate,San Francisco,37.7749295,-122.4194155,The Real Deal,Private
Polly,47,15,12/2/22,InsurTech,Financials,Williston,48.1469683,-103.6179745,VT Digger,Private
Woven,5,15,8/16/22,Artificial Intelligence,Information Technology,Indianapolis,39.768403,-86.158068,AdAge,Private
The Mom Project,54,15,7/20/22,HR Tech,Service,Chicago,41.8781136,-87.6297982,LinkedIn,Private
SonderMind,Unclear,15,12/16/22,Telehealth,Health Care,Denver,39.7392358,-104.990251,Denver Business Journal,Private
Apollo,Unclear,15,12/15/22,Enterprise Software,Information Technology,San Francisco,37.7749295,-122.4194155,Apollo,Private
Code42,Unclear,15,11/7/22,Cybersecurity,Information Technology,Minneapolis,44.977753,-93.2650108,Star Tribune,Private
Flowhub,Unclear,15,9/9/22,Cannabis,Health Care,Dever,39.7392358,-104.990251,Business Insider,Private
Daily Harvest,Unclear,15,8/8/22,Food,Service,New York,40.7127753,-74.0059728,Fortune,Private
Rock Content,Unclear,15,1/12/23,Marketing,Communication Services,Boca Raton,26.3683064,-80.1289321,Terra,Private
Lattice,Unclear,15,1/12/23,HR Tech,Service,San Francisco,37.7749295,-122.4194155,Lattice CEO Jack Altman,Private
Citrix Systems,Unclear,15,1/10/23,Security,Information Technology,Fort Lauderdale,26.1224386,-80.1373174,TechCrunch,Private
WHOOP,Unclear,15,7/21/22,Fitness,Service,Boston,42.3600825,-71.0588801,Front Office Sports,Private
Papa,Unclear,15,7/14/22,Elder Care,Service,Miami,25.7616798,-80.1917902,LinkedIn,Private
Sundae,Unclear,15,6/28/22,PropTech,Real Estate,San Francisco,37.7749295,-122.4194155,Real Trends,Private
TruePill,Unclear,15,6/8/22,Health Care,Health Care,Hayward,37.6687665,-122.0809964,TruePill,Private
Terminus,Unclear,15,5/27/22,Marketing,Communication Services,Atlanta,33.748752,-84.3876845,LinkedIn,Private
Outside Inc,Unclear,15,5/20/22,Media,Communication Services,Boulder,40.0149856,-105.2705456,Denver Business Journal,Private
Stream,20,15,6/30/22,Communications Infrastructure,Communication Services,Boulder,40.0149856,-105.2705456,Pragmatic Engineer,Private
Carbon Health,450,16,1/6/23,Health Care,Health Care,San Francisco,37.7749295,-122.4194155,Carbon Health CEO Eren Bali,Private
Jam City,200,17,8/4/22,Mobile Apps,Information Technology,Culver City,34.0211224,-118.3964665,VentureBeat,Private
Next Insurance,150,17,7/7/22,InsurTech,Financials,Palo Alto,37.4418834,-122.1430195,CTech,Private
OwnBackup,170,17,11/15/22,SaaS,Information Technology,Englewood Cliffs,40.8853773,-73.9523597,Calcalistech,Private
Everlane,30,17,1/5/23,Fashion,Service,San Francisco,37.7749295,-122.4194155,The Information,Private
Patreon,80,17,9/13/22,Media,Communication Services,San Francisco,37.7749295,-122.4194155,The Information,Private
Recharge,84,17,10/27/22,FinTech,Financials,Los Angeles,34.0549076,-118.242643,Recharge CEO,Private
Nextiva,Unclear,17,12/6/22,Customer Service,Service,Phoenix,33.4483771,-112.0740373,Channel Futures,Private
Grove Collaborative,Unclear,17,3/29/22,E-commerce,Service,San Francisco,37.7749295,-122.4194155,Retail Dive,Private
Lithic,27,18,12/7/22,FinTech,Financials,New York,40.7127753,-74.0059728,Axios,Private
SQream Technologies,30,18,7/6/22,Data Analytics,Information Technology,New York,40.7127753,-74.0059728,CTech,Private
Emotive,30,18,7/7/22,Marketing,Communication Services,Los Angeles,34.0549076,-118.242643,dot.LA,Private
Amount,Unclear,18,6/27/22,FinTech,Financials,Chicago,41.8781136,-87.6297982,TechCrunch,Private
Ro,Unclear,18,6/23/22,Health Care,Health Care,New York,40.7127753,-74.0059728,TechCrunch,Private
Socure,104,19,1/5/23,Cybersecurity,Information Technology,Incline Village,39.249683,-119.9526847,Biometric Update,Private
Postscript,43,19,6/26/22,Marketing,Communication Services,San Francisco,37.7749295,-122.4194155,Alex Beller,Private
Qumolo,80,19,6/29/22,Data Storage,Information Technology,Seattle,47.6061389,-122.3328481,GeekWire,Private
OfferUp,Unclear,19,11/15/22,E-commerce,Service,Bellevue,47.6101497,-122.2015159,GeekWire,Private
Change.org,Unclear,19,7/28/22,CivicTech,Service,San Francisco,37.7749295,-122.4194155,Change.org,Private
HomeLight,Unclear,19,6/29/22,PropTech,Real Estate,San Francisco,37.7749295,-122.4194155,The Real Deal,Private
Homeward,120,20,8/11/22,PropTech,Real Estate,Austin,30.267153,-97.7430608,The Real Deal,Private
Turntide,130,20,7/28/22,CleanTech,Energy,Sunnyvale,37.36883,-122.0363496,Business Insider,Private
Flyhomes,150,20,7/20/22,PropTech,Real Estate,Seattle,47.6061389,-122.3328481,GeekWire,Private
Curology,150,20,3/16/22,E-commerce,Service,San Francisco,37.7749295,-122.4194155,SF Business Times,Private
MasterClass,156,20,6/22/22,EdTech,Service,San Francisco,37.7749295,-122.4194155,MasterClass CEO David Rogier,Private
Lacework,200,20,5/26/22,Cybersecurity,Information Technology,San Jose,37.33874,-121.8852525,The Information,Private
Equitybee,25,20,10/31/22,FinTech,Financials,San Francisco,37.7749295,-122.4194155,Calcalistech,Private
Airtable,254,20,12/8/22,Data Science,Information Technology,San Francisco,37.7749295,-122.4194155,Airtable,Private
Plaid,260,20,12/7/22,FinTech,Financials,San Francisco,37.7749295,-122.4194155,TechCrunch,Private
Nate,30,20,8/30/22,E-commerce,Service,New York,40.7127753,-74.0059728,The Information,Private
Coterie Insurance,30,20,5/27/22,InsurTech,Financials,Cincinnati,39.1031182,-84.5120196,CincyInno,Private
Intrinsic,40,20,1/11/23,Robotics,Information Technology,Mountain View,37.3860517,-122.0838511,This Information,Private
Rhino,57,20,2/3/22,PropTech,Real Estate,New York,40.7127753,-74.0059728,The Real Deal,Private
Flexport,640,20,1/11/23,Logistics,Service,San Francisco,37.7749295,-122.4194155,CNBC,Private
Redesign Health,67,20,10/10/22,Health Care,Health Care,New York,40.7127753,-74.0059728,Fast Company,Private
Astronomer,76,20,1/4/23,Data Analytics,Information Technology,Cincinnati,39.1031182,-84.5120196,Astronomer,Private
Calm,90,20,8/11/22,Health Care,Health Care,San Francisco,37.7749295,-122.4194155,Wall Street Journal,Private
Shippo,Unclear,20,11/3/22,Logistics,Service,San Francisco,37.7749295,-122.4194155,Shippo CEO,Private
Brightline,Unclear,20,11/1/22,Health Care,Health Care,Palo Alto,37.4418834,-122.1430195,Behavioral Health Business,Private
Scale,Unclear,20,1/9/23,Artificial Intelligence,Information Technology,San Francisco,37.7749295,-122.4194155,Scale,Private
OpenSea,Unclear,20,7/14/22,Cryptocurrency,Financials,New York,40.7127753,-74.0059728,Devin Finzer,Private
Buzzer,Unclear,20,6/20/22,Media,Communication Services,New York,40.7127753,-74.0059728,Sportico,Private
Greenlight,104,21,1/12/23,FinTech,Financials,Atlanta,33.748752,-84.3876845,TechCrunch,Private
Flipboard,24,21,10/16/22,Media,Communication Services,Palo Alto,37.4418834,-122.1430195,Axios,Private
Advata,32,21,10/28/22,Health Care,Health Care,Bellevue,47.6101497,-122.2015159,GeekWire,Private
Superhuman,23,22,6/3/22,Software,Information Technology,San Francisco,37.7749295,-122.4194155,CEO Rahul Vohra,Private
Exodus,59,22,11/4/22,Cryptocurrency,Financials,Nebraska City,40.6765745,-95.8593616,Exodus CEO,Private
Tonkean,23,23,6/15/22,Software,Information Technology,San Francisco,37.7749295,-122.4194155,The Marker,Private
Lokalise,76,23,11/16/22,SaaS,Information Technology,Dover,39.161079,-75.525681,Lokalise founders,Private
Karbon,Unclear,23,9/12/22,Productivity,Service,San Francisco,37.7749295,-122.4194155,"Stuart McLeod, CEO of Karbon",Private
Loom,57,24,10/20/22,Enterprise Communication,Communication Services,San Francisco,37.7749295,-122.4194155,SFGate,Private
Cedar,Unclear,24,7/7/22,Health Care,Health Care,New York,40.7127753,-74.0059728,Business Insider,Private
Hyperscience,100,25,3/3/22,Artificial Intelligence,Information Technology,New York,40.7127753,-74.0059728,The Information,Private
Celsius,150,25,7/3/22,Cryptocurrency,Financials,Hoboken,40.7439905,-74.0323626,CTech,Private
Baton,16,25,6/29/22,Transportation,Service,San Francisco,37.7749295,-122.4194155,Freight Waves,Private
Policygenius,170,25,6/2/22,InsurTech,Financials,New York,40.7127753,-74.0059728,TechCrunch,Private
IRL,25,25,6/2/22,Media,Communication Services,San Francisco,37.7749295,-122.4194155,TechCrunch,Private
Vise,25,25,5/4/22,FinTech,Financials,New York,40.7127753,-74.0059728,CityWire,Private
Section4,32,25,5/12/22,EdTech,Service,New York,40.7127753,-74.0059728,TechCrunch,Private
Capitolis,37,25,11/17/22,FinTech,Financials,New York,40.7127753,-74.0059728,Calcalistech,Private
On Deck,72,25,5/5/22,Business Development,Service,San Francisco,37.7749295,-122.4194155,TechCrunch,Private
Outschool,74,25,12/10/22,EdTech,Service,San Francisco,37.7749295,-122.4194155,TechCrunch,Private
OneTrust,950,25,6/9/22,Cybersecurity,Information Technology,Atlanta,33.748752,-84.3876845,OneTrust,Private
OneStudyTeam,Unclear,25,12/6/22,Health Care,Health Care,Boston,42.3600825,-71.0588801,Mobi Health News,Private
Homeward,Unclear,25,11/16/22,PropTech,Real Estate,Austin,30.267153,-97.7430608,Homeward,Private
Medium,Unclear,25,9/6/22,Publishing,Service,San Francisco,37.7749295,-122.4194155,"Lauren Newton, Head of People at Medium",Private
SafeGraph,27,25,6/27/22,Artificial Intelligence,Information Technology,San Francisco,37.7749295,-122.4194155,SafeGraph,Private
DataRobot,Unclear,26,8/23/22,Artificial Intelligence,Information Technology,Boston,42.3600825,-71.0588801,The Information,Private
EquityZen,30,27,10/31/22,FinTech,Financials,New York,40.7127753,-74.0059728,Axios,Private
Clear Capital,378,27,10/14/22,PropTech,Real Estate,Truckee,39.327962,-120.1832533,TechCrunch,Private
Shelf Engine,43,29,7/29/22,Food,Service,Seattle,47.6061389,-122.3328481,GeekWire,Private
Veev,100,30,11/11/22,PropTech,Real Estate,San Mateo,37.5629917,-122.3255254,Calcalistech,Private
Pacaso,100,30,10/11/22,PropTech,Real Estate,San Francisco,37.7749295,-122.4194155,Inman,Private
Snappy,100,30,1/13/23,Social Impact,Service,New York,40.7127753,-74.0059728,Calcalistech,Private
Kraken,1100,30,11/30/22,Cryptocurrency,Financials,San Francisco,37.7749295,-122.4194155,Kraken,Private
AtoB,32,30,10/19/22,FinTech,Financials,San Francisco,37.7749295,-122.4194155,SFGate,Private
Genesis,60,30,1/5/23,Cryptocurrency,Financials,New York,40.7127753,-74.0059728,CNBC,Private
Almanac,Unclear,30,8/13/22,Productivity,Service,San Francisco,37.7749295,-122.4194155,LinkedIn,Private
SuperRare,Unclear,30,1/6/23,Blockchain,Financials,Newark,40.735657,-74.1723667,TechCrunch,Private
Homie,162,32,10/4/22,PropTech,Real Estate,South Jordan,40.5621704,-111.929658,"TechCrunch, Crunchbase News reporting",Private
Socure,173,32,1/5/23,Identity Verification,Information Technology,Reno,39.529919,-119.8142691,Biometric Update,Private
Bolt,250,33,5/25/22,FinTech,Financials,San Francisco,37.7749295,-122.4194155,Fortune,Private
Candy Digital,33,33,11/28/22,Cryptocurrency,Financials,New York,40.7127753,-74.0059728,Decrypt,Private
Ideoclick,40,33,5/4/22,E-commerce,Service,Seattle,47.6061389,-122.3328481,Puget Sound Business Journal,Private
Brave Care,40,33,9/6/22,Telehealth,Health Care,Portland,45.515232,-122.6783853,The Oregonian,Private
Tomo,44,33,5/31/22,FinTech,Financials,Stamford,41.0534302,-73.5387341,Business Insider,Private
MainStreet,50,33,5/4/22,FinTech,Financials,San Jose,37.33874,-121.8852525,Insider,Private
Replicated,50,33,5/31/22,Enterprise Software,Information Technology,Los Angeles,34.0549076,-118.242643,Replicated,Private
Hologram,80,33,6/9/22,IoT,Information Technology,Chicago,41.8781136,-87.6297982,Crain's Chicago Business,Private
Esper,Unclear,33,1/10/23,DevOps,Service,Seattle,47.6061389,-122.3328481,GeekWire,Private
TruePill,Unclear,33,9/30/22,Health Care,Health Care,Hayward,37.6687665,-122.0809964,TechCrunch,Private
Happy Money,158,34,11/30/22,FinTech,Financials,Los Angeles,34.0549076,-118.242643,LinkedIn reports,Private
Tonal,262,35,7/13/22,Fitness,Service,San Francisco,37.7749295,-122.4194155,CNBC,Private
Hydrow,70,35,7/21/22,Fitness,Service,Boston,42.3600825,-71.0588801,Boston Globe,Private
Callisto Media,Unclear,35,10/25/22,Analytics,Information Technology,Emeryville,37.8395028,-122.2892278,Publishers Weekly,Private
Lunchbox,Unclear,37,1/10/23,Food,Service,New York,40.7127753,-74.0059728,Business Insider,Private
Fabric,120,40,7/13/22,E-commerce,Service,New York,40.7127753,-74.0059728,TechCrunch,Private
Rasa,59,40,4/4/22,Artificial Intelligence,Information Technology,San Francisco,37.7749295,-122.4194155,Business Insider,Private
NCX,Unclear,40,11/28/22,Renewable Energy,Energy,San Francisco,37.7749295,-122.4194155,NCX,Private
Fundbox,150,42,10/25/22,FinTech,Financials,San Francisco,37.7749295,-122.4194155,Calcalistech,Private
Zeus Living,64,46,10/20/22,PropTech,Real Estate,San Francisco,37.7749295,-122.4194155,San Francisco Business Journal,Private
Knock,Unclear,46,3/15/22,PropTech,Real Estate,New York,40.7127753,-74.0059728,The Real Deal,Private
Ocavu,20,48,11/10/22,Cryptocurrency,Financials,Lehi,40.3916172,-111.8507662,Salt Lake Tribune,Private
Better.com,5000,50,4/19/22,FinTech,Financials,New York,40.7127753,-74.0059728,TechCrunch,Private
Virgin Hyperloop,111,50,2/22/22,Transportation,Service,Los Angeles,34.0549076,-118.242643,Fortune,Private
Notarize,170,50,10/31/22,Legal Tech,Service,Boston,42.3600825,-71.0588801,Boston Business Journal,Private
Iron Ox,50,50,11/2/22,AgTech,Industrials,San Francisco,37.7749295,-122.4194155,TechCrunch,Private
BloomTech,88,50,12/1/22,EdTech,Service,San Francisco,37.7749295,-122.4194155,TechCrunch,Private
Medly Pharmacy,Unclear,50,9/7/22,Health Care,Health Care,New York,40.7127753,-74.0059728,Crain's New York,Private
Bizzabo,220,60,12/1/22,Virtual Event,Service,New York,40.7127753,-74.0059728,Calcalistech,Private
Parler,60,75,1/10/23,Media,Communication Services,Nashville,36.1626638,-86.7816016,The Verge,Private
Mojo Vision,Unclear,75,1/6/23,Health Care,Health Care,Saratoga,43.0448483,-73.6300729,TechCrunch,Private
Uniphore,76,76,1/3/23,Artificial Intelligence,Information Technology,Palo Alto,37.4418834,-122.1430195,Outlook Start-Up,Private
Butler Hospitality,1000,100,7/8/22,Health Care,Health Care,New York,40.7127753,-74.0059728,TechCrunch,Private
SummerBio,101,100,6/20/22,Health Care,Health Care,Menlo Park,37.4529598,-122.1817252,Bay Area Inno,Private
Reali,140,100,8/24/22,PropTech,Real Estate,San Mateo,37.5629917,-122.3255254,Calcalistech,Private
Fast,400,100,4/5/22,FinTech,Financials,San Francisco,37.7749295,-122.4194155,The Information,Private
Protocol Media,60,100,11/15/22,Media,Communication Services,San Francisco,37.7749295,-122.4194155,CNN,Private
WanderJaunt,85,100,7/1/22,PropTech,Real Estate,San Francisco,37.7749295,-122.4194155,Short Term Rentalz,Private
Wyre,Unclear,100,1/4/23,Cryptocurrency,Financials,San Francisco,37.7749295,-122.4194155,Blockworks,Private
Lantern,Unclear,100,1/6/23,E-commerce,Service,Grand Rapids,42.9633599,-85.6680863,Lantern CEO Meredith Mahoney,Private
Lora DiCarlo Inc.,Unclear,100,12/2/22,Health Care,Health Care,Bend,44.0581728,-121.3153096,TechCrunch,Private
Bitfront,Unclear,100,11/29/22,Cryptocurrency,Financials,Palo Alto,37.4418834,-122.1430195,Reuters,Private
Assure,Unclear,100,11/23/22,FinTech,Financials,Salt Lake City,40.7607793,-111.8910474,Axios,Private
GloriFi,Unclear,100,11/21/22,FinTech,Financials,Dallas,32.7766642,-96.7969879,WSJ,Private
Kite,Unclear,100,11/16/22,Artificial Intelligence,Information Technology,San Francisco,37.7749295,-122.4194155,Kite,Private
Wavely,Unclear,100,11/10/22,HR Tech,Service,Palo Alto,37.4418834,-122.1430195,Wavely,Private
Fifth Season,Unclear,100,10/28/22,AgTech,Industrials,Pittsburgh,40.4406248,-79.9958864,Pittsburgh Business Journal,Private
Argo AI,Unclear,100,10/26/22,Transportation,Service,Pittsburgh,40.4406248,-79.9958864,TechCrunch,Private
CommonBond,Unclear,100,9/9/22,FinTech,Financials,New York,40.7127753,-74.0059728,"David Klein, CEO of CommonBond",Private
The Wing,Unclear,100,8/31/22,Coworking,Service,New York,40.7127753,-74.0059728,The Information,Private
Edmodo,Unclear,100,8/16/22,EdTech,Service,San Mateo,37.5629917,-122.3255254,EdSurge,Private
Haus,Unclear,100,8/8/22,Food,Service,Healdsburg,38.6104658,-122.8691609,TechCrunch,Private
BlockFi,Unclear,100,11/28/22,Cryptocurrency,Financials,Jersey City,40.7177545,-74.0431435,Decrypt,Private
Pesto,Unclear,100,9/23/22,Information Technology,Information Technology,San Francisco,37.7749295,-122.4194155,Pesto announcement,Private
Kitty Hawk,Unclear,100,9/21/22,Aerospace,Industrials,Mountain View,37.3860517,-122.0838511,CNBC,Private
Subspace,Unclear,100,5/13/22,Media,Communication Services,Los Angeles,34.0549076,-118.242643,LinkedIn,Private
Halcyon Health,Unclear,100,4/15/22,Health Care,Health Care,New York,40.7127753,-74.0059728,Axios,Private
Ahead,Unclear,100,4/14/22,Health Care,Health Care,Santa Clara,37.3541079,-121.9552356,Bloomberg,Private
100 Thieves,12,Unclear,1/10/23,Media,Communication Services,Los Angeles,34.0549076,-118.242643,Dexerto,Private
Orbit,14,Unclear,8/12/22,Productivity ,Service,San Francisco,37.7749295,-122.4194155,Orbit CEO Patrick Woods,Private
Cybereason,100,Unclear,6/1/22,Cybersecurity,Information Technology,Boston,42.3600825,-71.0588801,CTech,Private
Progrexion,100,Unclear,6/7/22,FinTech,Financials,Salt Lake City,40.7607793,-111.8910474,Crunchbase News,Private
Gem,100,Unclear,11/2/22,Recruiting,Service,San Francisco,37.7749295,-122.4194155,Gem CEO,Private
Glossier,104,Unclear,8/2/22,Beauty,Service,New York,40.7127753,-74.0059728,Modern Retail,Private
Stripe,1050,Unclear,11/3/22,FinTech,Financials,San Francisco,37.7749295,-122.4194155,Bloomberg,Private
Curative,109,Unclear,9/20/22,Health Care,Health Care,Los Angeles,34.0549076,-118.242643,Digital Health,Private
Noom,1095,Unclear,10/11/22,Fitness,Service,New York,40.7127753,-74.0059728,TechCrunch,Private
Homepoint,113,Unclear,11/17/22,PropTech,Real Estate,Greenville,34.8526176,-82.3940104,Phoenix Business Journal,Private
Arc,13,Unclear,7/20/22,HR Tech,Service,Mountain View,37.3860517,-122.0838511,LinkedIn,Private
ChowNow,140,Unclear,12/14/22,Food,Service,Playa Visa,33.9753949,-118.4192311,Restaurant Business Online,Private
Healthcare.com,149,Unclear,8/3/22,InsurTech,Financials,Miami,25.7616798,-80.1917902,Miami Inno,Private
Finite State,16,Unclear,6/17/22,Cybersecurity,Information Technology,Columbus,39.9611755,-82.9987942,ColumbusInno,Private
Rad Power Bikes,163,Unclear,7/21/22,Transportation,Service,Seattle,47.6061389,-122.3328481,GeekWire,Private
Cameo,167,Unclear,5/4/22,Media,Communication Services,Chicago,41.8781136,-87.6297982,The Information,Private
Weedmaps,175,Unclear,12/6/22,Marketing,Communication Services,Irvine,33.6845673,-117.8265049,Business Insider,Private
Orchard,180,Unclear,11/17/22,PropTech,Real Estate,New York,40.7127753,-74.0059728,Inman,Private
Clyde,19,Unclear,4/25/22,E-commerce,Service,New York,40.7127753,-74.0059728,External Spreadsheet,Private
AvantStay,224,Unclear,11/9/22,Travel,Service,Los Angeles,34.0549076,-118.242643,Skift,Private
Booking.com,226,Unclear,11/1/22,Travel,Service,Grand Rapids,42.9633599,-85.6680863,Crain's Detroit Business,Private
Aspire,23,Unclear,7/15/22,Marketing,Communication Services,San Francisco,37.7749295,-122.4194155,Business Insider,Private
Gopuff,2300,Unclear,10/21/22,E-commerce,Service,Philadelphia,39.9525839,-75.1652215,"Bloomberg, The Information",Private
Eaze,25,Unclear,6/2/22,Cannabis,Health Care,San Francisco,37.7749295,-122.4194155,Business Insider,Private
Nuro,310,Unclear,11/18/22,Transportation ,Service,Mountain View,37.3860517,-122.0838511,The Robot Report,Private
Citizen,33,Unclear,1/11/23,Surveillance,Service,New York,40.7127753,-74.0059728,TechCrunch,Private
Balto,35,Unclear,12/12/22,Artificial intelligence,Information Technology,St. Louis,38.6270025,-90.1994042,St. Louis Business Journal,Private
Hopin,370,Unclear,7/11/22,Virtual Event,Service,London,51.5072178,-0.1275862,TechCrunch,Private
Vial,40,Unclear,1/13/23,Health Care,Health Care,San Francisco,37.7749295,-122.4194155,Business Insider,Private
Wistia,40,Unclear,11/10/22,Marketing,Communication Services,Cambridge,42.3736,-71.1097,Wistia CEO,Private
FreshDirect,40,Unclear,8/25/22,Food,Service,The Bronx,40.8447819,-73.8648268,Philadelphia Business Journal,Private
Adwerx,40,Unclear,7/12/22,Marketing,Communication Services,Durham,35.9940329,-78.898619,Inman,Private
Community,40,Unclear,6/22/22,Media,Communication Services,Los Angeles,34.0549076,-118.242643,Business Insider,Private
Esme Learning,40,Unclear,6/2/22,EdTech,Service,Newton,42.3370413,-71.2092214,"Esme Learning, Crunchbase News reporting",Private
Luxury Presence,44,Unclear,1/17/23,PropTech,Real Estate,Santa Monica,34.0194543,-118.4911912,Inman,Private
Hubilo,45,Unclear,7/12/22,Virtual Event,Service,San Francisco,37.7749295,-122.4194155,Inc42,Private
Olive,450,Unclear,7/19/22,Health Care,Health Care,Columbus,39.9611755,-82.9987942,Olive,Private
Imperfect Foods,50,Unclear,8/1/22,E-commerce,Service,San Francisco,37.7749295,-122.4194155,San Francisco Business Times,Private
Tempo Automation,54,Unclear,8/17/22,Automotive,Industrials,San Francisco,37.7749295,-122.4194155,San Francisco Business Times,Private
Chili Piper,58,Unclear,11/17/22,Enterprise Software,Information Technology,New York,40.7127753,-74.0059728,Chili Piper,Private
On Deck,73,Unclear,8/4/22,Networking,Service,San Francisco,37.7749295,-122.4194155,TechCrunch,Private
Varo,75,Unclear,7/20/22,FinTech,Financials,San Francisco,37.7749295,-122.4194155,Axios,Private
Nylas,80,Unclear,8/2/22,Software,Information Technology,San Francisco,37.7749295,-122.4194155,Nylas,Private
Career Karma,82,Unclear,1/12/23,Career planning,Service,San Francisco,37.7749295,-122.4194155,TechCrunch,Private
Rev.com,85,Unclear,10/7/22,Artificial Intelligence,Information Technology,San Francisco,37.7749295,-122.4194155,Austin American-Statesman,Private
The Zebra,90,Unclear,11/15/22,Fintech,Financials,Austin,30.267153,-97.7430608,Coverager,Private
Colossus,97,Unclear,5/20/22,Software,Information Technology,Massachusetts,42.4072107,-71.3824374,Axios,Private
OnlyFans,Unclear,Unclear,8/1/22,Media,Communication Services,London,51.5072178,-0.1275862,Business Insider,Private
Talkdesk,Unclear,Unclear,5/19/22,Customer Service,Service,San Francisco,37.7749295,-122.4194155,Confirmed by CB News from source,Private
StubHub,Unclear,Unclear,8/4/22,E-commerce,Service,San Francisco,37.7749295,-122.4194155,StubHub on LinkedIn,Private
Cerebral,Unclear,Unclear,10/24/22,Health Care,Health Care,San Francisco,37.7749295,-122.4194155,Wall Street Journal,Private
Elemy,Unclear,Unclear,12/5/22,Health Care,Health Care,San Francisco,37.7749295,-122.4194155,Behavioral Health Business,Private
TikTok,Unclear,Unclear,7/18/22,Media,Communication Services,Los Angeles,34.0549076,-118.242643,Wired,Private
RateGenius,Unclear,Unclear,1/17/23,FinTech,Financials,Austin,30.267153,-97.7430608,AustinInno,Private
GoCanvas,Unclear,Unclear,1/13/23,Enterprise Software,Information Technology,Reston,38.9586307,-77.3570028,GoCanvas CEO Viyas Sundaram,Private
CoSchedule,Unclear,Unclear,1/13/23,Marketing,Communication Services,Bismarck,46.8054947,-100.7876931,Inforum,Private
Oyster,Unclear,Unclear,1/11/23,SaaS,Information Technology,Charlotte,35.2270869,-80.8431267,Oyster,Private
Embark,Unclear,Unclear,1/11/23,Health Care,Health Care,Boston,42.3600825,-71.0588801,Embark CEP Ryan Boyko,Private
Cart.com,Unclear,Unclear,1/10/23,E-commerce,Service,Austin,30.267153,-97.7430608,AustinInno,Private
CreateMe Technologies,Unclear,Unclear,1/6/23,Product Design,Information Technology,New City,40.7127753,-74.0059728,San Francisco Business Times,Private
CareerArc,Unclear,Unclear,1/6/23,HR Tech,Service,Los Angeles,34.0549076,-118.242643,CareerArc,Private
Autograph,Unclear,Unclear,12/16/22,Cryptocurrency,Financials,Santa Monica,34.0194543,-118.4911912,Business Insider,Private
Convene,Unclear,Unclear,12/10/22,PropTech,Real Estate,New York,40.7127753,-74.0059728,Convene CEO Ryan Simonetti,Private
Autobooks,Unclear,Unclear,12/10/22,FinTech,Financials,Detroit,42.331427,-83.0457538,Crain's Detroit Business,Private
Zywave,Unclear,Unclear,12/7/22,InsurTech,Financials,Milwaukee,43.0389025,-87.9064736,Milwaukee Business Journal,Private
CircleCI,Unclear,Unclear,12/7/22,Automation,Industrials,San Francisco,37.7749295,-122.4194155,CircleCI,Private
Route,Unclear,Unclear,12/5/22,Retail,Service,Lehi,40.3916172,-111.8507662,Salt Lake Tribune,Private
Inspectify,Unclear,Unclear,11/28/22,PropTech,Real Estate,Seattle,47.6061389,-122.3328481,Puget Sound Business Journal,Private
Storyblocks,Unclear,Unclear,11/18/22,Media,Communication Services,Washington,38.9071923,-77.0368707,Storyblocks CEO,Private
Metaplex,Unclear,Unclear,11/18/22,Cryptocurrency,Financials,Chicago,41.8781136,-87.6297982,AMBCrypto,Private
Kandji,Unclear,Unclear,11/17/22,Information Technology,Information Technology,San Diego,32.715738,-117.1610838,LinkedIn reports,Private
Reforge,Unclear,Unclear,11/10/22,HR Tech,Service,San Francisco,37.7749295,-122.4194155,Reforge CEO,Private
Amobee,Unclear,Unclear,11/9/22,Marketing,Communication Services,Redwood City,37.4847955,-122.228141,Amobee,Private
Domino Data Lab,Unclear,Unclear,11/7/22,Artificial Intelligence,Information Technology,San Francisco,37.7749295,-122.4194155,LinkedIn reports,Private
Spreetail,Unclear,Unclear,10/27/22,Retail ,Service,Lincoln,40.813616,-96.7025955,Spreetail CEO,Private
TigerGraph,Unclear,Unclear,10/25/22,Analytics,Information Technology,Redwood City,37.4847955,-122.228141,Sources within the company,Private
Clever Real Estate,Unclear,Unclear,10/19/22,PropTech,Real Estate,St. Louis,38.6270025,-90.1994042,St. Louis Business Journal,Private
Noodle,Unclear,Unclear,10/18/22,EdTech,Service,New York,40.7127753,-74.0059728,LinkedIn,Private
Built In,Unclear,Unclear,10/5/22,Networking,Service,Chicago,41.8781136,-87.6297982,LinkedIn,Private
Instacart,Unclear,Unclear,9/24/22,E-commerce,Service,San Francisco,37.7749295,-122.4194155,The Information,Private
DayTwo,Unclear,Unclear,9/15/22,Health Care,Health Care,Walnut Creek,37.9100783,-122.0651819,Calcalistech,Private
WorkRamp,Unclear,Unclear,9/15/22,SaaS,Information Technology,San Carlos,37.5071591,-122.2605222,LinkedIn,Private
Sundae,Unclear,Unclear,9/13/22,PropTech,Real Estate,San Francisco,37.7749295,-122.4194155,Confirmed by CB News from sources,Private
Sama,Unclear,Unclear,9/12/22,Artificial Intelligence,Information Technology,San Francisco,37.7749295,-122.4194155,Sama,Private
DreamBox Learning,Unclear,Unclear,9/9/22,EdTech,Service,Seattle,47.6061389,-122.3328481,Geekwire,Private
FullStory,Unclear,Unclear,9/8/22,SaaS,Information Technology,Atlanta,33.748752,-84.3876845,"Scott Voigt, CEO of FullStory",Private
realtor.com,Unclear,Unclear,9/8/22,PropTech,Real Estate,Santa Clara,37.3541079,-121.9552356,SFGate,Private
Fungible,Unclear,Unclear,8/29/22,Cryptocurrency,Financials,Santa Clara,37.3541079,-121.9552356,Blocks & Files,Private
Pix,Unclear,Unclear,8/24/22,Food,Service,Napa,38.2975381,-122.286865,San Francisco Chronicle,Private
People.ai,Unclear,Unclear,7/26/22,Artificial Intelligence,Information Technology,San Francisco,37.7749295,-122.4194155,LinkedIn,Private
Capsule,Unclear,Unclear,7/21/22,Health Care,Health Care,New York,40.7127753,-74.0059728,Crain's New York,Private
InVision,Unclear,Unclear,7/21/22,Visual Collaboration,Information Technology,New York,40.7127753,-74.0059728,LinkedIn,Private
Alto Pharmacy,Unclear,Unclear,7/14/22,Health Care,Health Care,San Francisco,37.7749295,-122.4194155,LinkedIn,Private
Spring,Unclear,Unclear,7/13/22,E-commerce,Service,San Francisco,37.7749295,-122.4194155,Business Insider,Private
Nextbite,Unclear,Unclear,7/8/22,Food,Service,Denver,39.7392358,-104.990251,Business Insider,Private
LetsGetChecked,Unclear,Unclear,7/2/22,Health Care,Health Care,New York,40.7127753,-74.0059728,Business Post,Private
Teleport,Unclear,Unclear,7/1/22,Cloud Infrastructure,Information Technology,Oakland,37.8043514,-122.2711639,Teleport,Private
Modsy,Unclear,Unclear,6/29/22,E-commerce,Service,San Francisco,37.7749295,-122.4194155,TechCrunch,Private
Degreed,Unclear,Unclear,6/29/22,EdTech,Service,Pleasanton,37.6604484,-121.8757968,LinkedIn,Private
Keepe,Unclear,Unclear,6/10/22,PropTech,Real Estate,Seattle,47.6061389,-122.3328481,GeekWire,Private
Liongard,Unclear,Unclear,6/10/22,Information Technology,Information Technology,Houston,29.7604267,-95.3698028,CRN,Private
Deep Instinct,Unclear,Unclear,6/8/22,Cybersecurity,Information Technology,New York,40.7127753,-74.0059728,Crunchbase News,Private
ID.Me,Unclear,Unclear,6/7/22,Identity Verification,Information Technology,McLean,38.9338676,-77.1772604,Business Insider,Private
Clubhouse,Unclear,Unclear,6/3/22,Media,Communication Services,San Francisco,37.7749295,-122.4194155,Bloomberg,Private
Zwift,Unclear,Unclear,5/12/22,Fitness,Service,Long Beach,33.7700504,-118.1937395,DC Rainmaker,Private
Tripwire,Unclear,Unclear,5/12/22,Security,Information Technology,Portland,45.515232,-122.6783853,OregonLive,Private
Mural,Unclear,Unclear,5/6/22,Product Design,Information Technology,San Francisco,37.7749295,-122.4194155,Protocol,Private
Thrasio,Unclear,Unclear,5/2/22,E-commerce,Service,Walpole,42.1470851,-71.2517835,Insider,Private
Workrise,Unclear,Unclear,4/5/22,Marketplace,Service,Austin,30.267153,-97.7430608,TechCrunch,Private
F5,100,1,10/21/22,SaaS,Information Technology,Seattle,47.6061389,-122.3328481,GeekWire,Public
Affirm,Unclear,1,11/3/22,FinTech,Financials,San Francisco,37.7749295,-122.4194155,The Information,Public
Freshworks,90,2,12/15/22,Information Technology,Information Technology,San Mateo,37.5629917,-122.3255254,Inc42,Public
Coursera,32,3,11/9/22,EdTech,Service,Mountain View,37.3860517,-122.0838511,Coursera CEO,Public
Outbrain,38,3,7/26/22,Marketing,Communication Services,New York,40.7127753,-74.0059728,CTech,Public
WalkMe,43,3,1/8/23,EdTech,Service,San Francisco,37.7749295,-122.4194155,Calcalistech,Public
Amdocs,700,3,1/2/23,Enterprise Software,Information Technology,Chesterfield,38.6631083,-90.5770675,Calcalistech,Public
Nutanix,270,4,8/10/22,Enterprise Software,Information Technology,San Jose,37.33874,-121.8852525,SFGate,Public
Varonis Systems,110,5,11/6/22,Cybersecurity,Information Technology,New York,40.7127753,-74.0059728,Calcalistech,Public
Amazon,18000,5,1/5/23,E-commerce,Service,Seattle,47.6061389,-122.3328481,Wall Street Journal,Public
Zillow,300,5,10/26/22,PropTech,Real Estate,Seattle,47.6061389,-122.3328481,TechCrunch,Public
Zendesk,350,5,11/7/22,Enterprise Software,Information Technology,San Francisco,37.7749295,-122.4194155,SFGate,Public
Cisco,4100,5,11/16/22,Enterprise Software,Information Technology,San Jose,37.33874,-121.8852525,Silicon Valley Business Journal,Public
TechTarget,60,5,12/8/22,Marketing,Communication Services,Newton,42.3370413,-71.2092214,MarketWatch,Public
BlackLine,95,5,12/8/22,Enterprise Software,Information Technology,Los Angeles,34.0549076,-118.242643,Seeking Alpha,Public
Sweetgreen,Unclear,5,8/9/22,Food,Service,Washington,38.9071923,-77.0368707,CNBC,Public
Taboola,100,6,9/13/22,Communication Services,Communication Services,New York,40.7127753,-74.0059728,Calcalistech,Public
Spotify,588,6,1/24/23,Music,Communication Services,Stockholm,59.3293235,18.0685808,TechCrunch,Public
DoorDash,1250,6,11/30/22,Food,Service,San Francisco,37.7749295,-122.4194155,Reuters,Public
Latch,30,6,5/13/22,Security,Information Technology,New York,40.7127753,-74.0059728,TechCrunch,Public
Teladoc Health,300,6,1/18/23,Health Care,Health Care,Purchase,41.0400135,-73.7144477,Digital Health,Public
Definitive Healthcare,55,6,1/12/23,Health Care,Health Care,Framingham,42.279286,-71.4161565,CMLVIZ,Public
Rivian,840,6,7/28/22,Transportation,Service,Irvine,33.6845673,-117.8265049,CNN,Public
Vimeo,Unclear,6,1/4/23,Media,Communication Services,New York,40.7127753,-74.0059728,Vimeo,Public
nCino,100,7,1/18/23,FinTech,Financials,Wilmington,34.2103894,-77.8868117,Port City Daily,Public
8x8,155,7,1/18/23,Enterprise Software,Information Technology,San Jose,37.33874,-121.8852525,Channel Futures,Public
Roku,200,7,11/17/22,Media,Communication Services,Los Gatos,37.2358,-121.9624,Variety,Public
Informatica,450,7,1/10/23,Big Data,Information Technology,Redwood City,37.4847955,-122.228141,Channel Futures,Public
BigBear.ai,Unclear,7,9/8/22,Data Analytics,Information Technology,Columbia,40.5750628,-81.507063,Baltimore Business Journal,Public
Unity,509,8,1/17/23,Video Games,Communication Services,San Francisco,37.7749295,-122.4194155,WSJ,Public
Asana,180,9,11/15/22,Enterprise Software,Information Technology,San Francisco,37.7749295,-122.4194155,Asana COO,Public
Pear Therapeutics,25,9,7/25/22,Software,Information Technology,Boston,42.3600825,-71.0588801,MassDevice,Public
DocuSign,Unclear,9,9/28/22,E-signature,Information Technology,San Francisco,37.7749295,-122.4194155,CNBC,Public
ForeScout Technologies,100,10,1/10/23,Cybersecurity,Information Technology,San Jose,37.33874,-121.8852525,Calcalistech,Public
Shopify,1000,10,7/26/22,E-commerce,Service,"Ottawa, Canada",45.4215296,-75.6971931,WSJ,Public
Similarweb,120,10,11/16/22,Artificial Intelligence,Information Technology,New York,40.7127753,-74.0059728,Globes,Public
iRobot,140,10,8/5/22,Artificial Intelligence,Information Technology,Bedford,42.4906,-71.276,Geekwire,Public
Blend,200,10,4/19/22,FinTech,Financials,San Francisco,37.7749295,-122.4194155,HousingWire,Public
Skillz,70,10,5/20/22,Video Games,Communication Services,San Francisco,37.7749295,-122.4194155,TechCrunch,Public
Beachbody,70,10,1/27/22,Fitness,Service,Santa Monica,34.0194543,-118.4911912,Club Industry,Public
Zulily,99,10,5/16/22,E-commerce,Service,Seattle,47.6061389,-122.3328481,GeekWire,Public
Compass,Unclear,10,1/5/23,PropTech,Real Estate,New York,40.7127753,-74.0059728,Bloomberg,Public
SoundHound,Unclear,10,1/5/23,Artificial Intelligence,Information Technology,Santa Clara,37.3541079,-121.9552356,SoundHound,Public
Blue Apron,Unclear,10,12/8/22,Delivery Service,Service,New York,40.7127753,-74.0059728,Blue Apron,Public
Core Scientific,Unclear,10,8/12/22,Blockchain,Financials,Austin,30.267153,-97.7430608,Blockworks,Public
Kaltura,75,11,1/4/23,Enterprise Software,Information Technology,New York,40.7127753,-74.0059728,Globes,Public
Twilio,800,11,9/14/22,Enterprise Software,Information Technology,San Francisco,37.7749295,-122.4194155,TechCrunch,Public
Zuora,Unclear,11,12/6/22,Cloud Infrastructure,Information Technology,San Mateo,37.5629917,-122.3255254,MarketWatch,Public
BuzzFeed,180,12,12/6/22,Media,Communication Services,New York,40.7127753,-74.0059728,Variety,Public
AppLovin,300,12,6/29/22,Mobile Apps,Information Technology,Palo Alto,37.4418834,-122.1430195,Silicon Valley Business Journal,Public
DesktopMetal,Unclear,12,6/13/22,3D Printing,Industrials,Burlington,42.5047161,-71.1956205,MarketWatch,Public
Meta,11000,13,11/9/22,Media,Communication Services,Menlo Park,37.4529598,-122.1817252,CNBC,Public
Integral Ad Science,120,13,12/7/22,Data Science,Information Technology,New York,40.7127753,-74.0059728,Integral Ad Science,Public
BigCommerce,Unclear,13,12/15/22,Enterprise Software,Information Technology,Austin,30.267153,-97.7430608,MarketWatch,Public
Elastic,Unclear,13,11/30/22,SaaS,Information Technology,San Francisco,37.7749295,-122.4194155,Elastic,Public
Lending Club,225,14,1/12/23,FinTech,Financials,San Francisco,37.7749295,-122.4194155,Bloomberg,Public
Edgio,95,14,12/13/22,Cloud Computing,Information Technology,Tempe,33.4255104,-111.9400054,Edgio,Public
Life360,Unclear,14,1/12/23,Mobile Apps,Information Technology,San Francisco,37.7749295,-122.4194155,Life360 statement,Public
Groupon,500,15,8/8/22,E-commerce,Service,Chicago,41.8781136,-87.6297982,TechCrunch,Public
Lyft,760,15,11/3/22,Transportation,Service,San Francisco,37.7749295,-122.4194155,WSJ,Public
Baakt,Unclear,15,12/8/22,Cryptocurrency,Financials,Alpharetta,34.0753762,-84.2940899,Baakt,Public
ThredUp,Unclear,15,8/15/22,E-commerce,Service,Oakland,37.8043514,-122.2711639,Retail Dive,Public
Limeade,Unclear,15,1/11/23,HR Tech,Service,Bellevue,47.6101497,-122.2015159,GeekWire,Public
GoodRx,140,16,8/31/22,Health Care,Health Care,Los Angeles,34.0549076,-118.242643,Seeking Alpha,Public
Astra,Unclear,16,11/8/22,Aerospace,Industrials,Alameda,37.7798721,-122.2821855,Astra CEO,Public
Enjoy,400,18,6/30/22,E-commerce,Service,Palo Alto,37.4418834,-122.1430195,Bloomberg,Public
Opendoor,550,18,11/2/22,PropTech,Real Estate,San Francisco,37.7749295,-122.4194155,Opendoor CEO,Public
Redfin,1332,19,11/9/22,PropTech,Real Estate,Seattle,47.6061389,-122.3328481,Bloomberg,Public
Snap,1280,20,8/31/22,Media,Communication Services,Venice,33.985,-118.4695,The Verge,Public
Pluralsight,400,20,12/12/22,EdTech,Service,Draper,40.5246711,-111.8638226,Pluralsight,Public
Metromile,60,20,7/29/22,InsurTech,Financials,San Francisco,37.7749295,-122.4194155,Crunchbase,Public
GoHealth,800,20,8/11/22,Health Care,Health Care,Chicago,41.8781136,-87.6297982,Chicago Sun Times,Public
Sezzle,Unclear,20,3/10/22,FinTech,Financials,Minneapolis,44.977753,-93.2650108,Reuters,Public
Pagaya,Unclear,20,1/18/23,FinTech,Financials,New York,40.7127753,-74.0059728,Reuters,Public
2U,Unclear,20,8/1/22,EdTech,Service,Hyattsville,38.9559442,-76.9455301,Inside Higher Ed,Public
Leafly,56,21,10/18/22,Cannabis,Health Care,Seattle,47.6061389,-122.3328481,Leafly,Public
Sonder,Unclear,21,6/10/22,Hospitality,Health Care,San Francisco,37.7749295,-122.4194155,MarketWatch,Public
Bird,138,23,6/7/22,Transportation,Service,Santa Monica,34.0194543,-118.4911912,TechCrunch,Public
Rent the Runway,Unclear,24,9/12/22,E-commerce,Service,New York,40.7127753,-74.0059728,Wall Street Journal,Public
TuSimple,350,25,12/21/22,Transportation,Service,San Diego,32.715738,-117.1610838,TechCrunch,Public
Qualtrics,Unclear,25,1/11/23,SaaS,Information Technology,Provo,40.2338438,-111.6585337,MarketWatch,Public
PayPal,83,27,5/23/22,FinTech,Financials,San Jose,37.33874,-121.8852525,The Information,Public
Blend,Unclear,28,1/10/23,FinTech,Financials,San Francisco,37.7749295,-122.4194155,Inman,Public
Juul,400,30,11/10/22,Consumer Goods,Service,San Francisco,37.7749295,-122.4194155,CNBC,Public
Akili Interactive Labs,46,30,1/12/23,Health care,Health Care,Boston,42.3600825,-71.0588801,Behavioral Health Business,Public
Robinhood,1013,33,8/2/22,FinTech,Financials,Menlo Park,37.4529598,-122.1817252,Robinhood,Public
Playtika,250,33,5/31/22,Gaming,Communication Services,Tel Aviv,32.0852999,34.7817676,Globes,Public
Vroom,647,33,8/8/22,E-commerce,Service,New York,40.7127753,-74.0059728,Automotive News,Public
Stitch Fix,Unclear,35,1/5/23,E-commerce,Service,San Francisco,37.7749295,-122.4194155,CNBC,Public
Latch,115,37,8/2/22,PropTech,Real Estate,New York,40.7127753,-74.0059728,Latch,Public
Sema4,750,39,11/14/22,Artificial Intelligence,Information Technology,Stamford,41.0534302,-73.5387341,MarketWatch,Public
Root Insurance,467,40,11/9/22,InsurTech,Financials,Columbus,39.9611755,-82.9987942,Columbus Dispatch,Public
Coinbase,2110,43,1/10/23,Cryptocurrency,Financials,San Francisco,37.7749295,-122.4194155,CNBC,Public
Volta Charging,Unclear,54,10/21/22,Automotive,Industrials,San Francisco,37.7749295,-122.4194155,Volta,Public
Twitter,3740,70,1/5/23,Media,Communication Services,San Francisco,37.7749295,-122.4194155,The Information,Public
Starry,Unclear,74,1/18/23,Hardware,Industrials,Boston,42.3600825,-71.0588801,SEC filings,Public
RingCentral,80,Unclear,1/17/23,SaaS,Information Technology,Belmont,37.5202145,-122.2758008,Barron's,Public
Carvana,4000,Unclear,1/13/23,Automotive,Industrials,Tempe,33.4255104,-111.9400054,WSJ,Public
Adobe,100,Unclear,12/6/22,Marketing,Communication Services,San Jose,37.33874,-121.8852525,Bloomberg,Public
Invitae,1000,Unclear,7/18/22,Health Care,Health Care,San Francisco,37.7749295,-122.4194155,GenomeWeb,Public
Microsoft,10000,Unclear,1/18/23,Enterprise Software,Information Technology,Seattle,47.6061389,-122.3328481,Microsoft,Public
Alphabet,12000,Unclear,1/20/23,Big Tech,Information Technology,Mountain View,37.3860517,-122.0838511,CNBC,Public
Qualcomm,153,Unclear,12/22/22,Telecommunication,Communication Services,San Diego,32.715738,-117.1610838,San Diego Union-Tribune,Public
Okta,24,Unclear,8/26/22,Enterprise Software,Information Technology,San Francisco,37.7749295,-122.4194155,Unleash,Public
Beyond Meat,240,Unclear,10/14/22,Food,Service,Manhattan Beach,33.8847361,-118.4109089,CNBC,Public
WeWork,300,Unclear,1/19/23,PropTech,Real Estate,New York,40.7127753,-74.0059728,WeWork,Public
Peloton,4084,Unclear,10/6/22,Fitness,Service,New York,40.7127753,-74.0059728,CNBC,Public
UiPath,451,Unclear,11/15/22,Artificial Intelligence,Information Technology,New York,40.7127753,-74.0059728,MarketWatch,Public
Netflix,480,Unclear,9/14/22,Media,Communication Services,Los Gatos,37.2358,-121.9624,Deadline,Public
Cue,558,Unclear,1/5/23,Health Care,Health Care,San Diego,32.715738,-117.1610838,360dx,Public
Warby Parker,63,Unclear,8/8/22,E-commerce,Service,New York,40.7127753,-74.0059728,Insider,Public
HashiCorp,69,Unclear,1/11/23,Cybersecurity,Information Technology,San Francisco,37.7749295,-122.4194155,Crunchbase News Reporting,Public
Quanergy Systems,72,Unclear,12/14/22,Automotive,Industrials,Sunnyvale,37.36883,-122.0363496,Silicon Valley Business Journal,Public
Doma,825,Unclear,12/6/22,InsurTech,Financials,San Francsico,37.7749295,-122.4194155,Doma,Public
Wayfair,870,Unclear,8/19/22,E-commerce,Service,Boston,42.3600825,-71.0588801,Boston Globe,Public
Salesforce,9090,Unclear,1/4/23,Enterprise Tech,Information Technology,San Francisco,37.7749295,-122.4194155,New York Times,Public
Oracle,Unclear,Unclear,8/1/22,SaaS,Information Technology,Austin,30.267153,-97.7430608,The Information,Public
LivePerson,Unclear,Unclear,9/15/22,Customer service,Service,New York,40.7127753,-74.0059728,LinkedIn,Public
Skillz,Unclear,Unclear,8/29/22,Mobile Apps,Information Technology,San Francisco,37.7749295,-122.4194155,Seeking Alpha,Public
Blueboard,Unclear,Unclear,11/3/22,Enterprise Software,Information Technology,San Francisco,37.7749295,-122.4194155,LinkedIn reports,Private